ID,INHOUD1,DATERING
11357179,"Inventarisatie van goederen en huisraad van wijlen Johannes van Boekel en ter togt nagelaten aan Jenneke Vermeulen, zijn vrouw, en aan Theodora, Johanna, Hendrina, Johannes, Jan, Maria en Willem hun 6 kinderen, voor het erfrecht. (Er zijn wel 7 kinderen genoemd). Als volgt; een huis, hof en aangelag staande op Keldonk ez. weduwe Hendrik van Roosmalen az. weduwe Dirk van Ieperen met daarbij gelegen percelen. Verder zijn er meubilaire goederen genoemd in akte.",03-05-1793
11394692,"Hendrik Theunissen en zijn echtgenote Christine Peters en Leendert Theunissen en echtgenote Maria Bom; verkopen aan Jacobus Henrix en zijn vrouw een huis en hof met 8 lopen land, grenzend aan het land van de verkopers en o.a. belast met 4 en 1/2 hoen aan de vrouw van Heumen. Verder een weide in het Doesbroek groot circa 2 morgen en grenzend aan de Molenbeek en aan het erf van Jan Horsten.",05-02-1782
11523793,"Vermelde personen: B.H. Wassenaar d'Onsenoort (Crediteur).",21-12-1792
11548222,"Antonij Peeter Smits g.m. Catalijn Hendrik Jan Geerits wed. van Jacob Peeter Willems",14-11-1759
11551198,"Idem als 334/035. Jan Crifs, Aert Crifs, Peter Crifs, Margarita Crifs en Peter Herbers, weduwnaar Petronella Crifs zal. dragen gezamelijk op aan Goossen de Bruijn & Margarita de Hoogh e.l. bouwland, groot 1 morgen en gelegen op de Hees aan de Luijnbeek en de gemene wegh, vrij erf. Voor 150 gulden.  40ste penning: 4 gulden 2½ stuiver.",05-09-1699
11554668,"Johan Vervoort uit Den Bosch heeft wegens een onbetaalde vordering beslag laten leggen op de goederen van de Vrouwe van Malsen, genaamd den Baerendonck. Zoals gebruikelijk heeft zij 14 dagen de tijd gekregen om de goederen “te beschudden ofte daer tegens te comen in oppositie”.",21-05-1670
11560756,"Hermen Jans en zijn vrouw Lutjen Jacobs verkopen voor 235 gulden aan Peter Aerts en zijn vrouw Jenneke Willems, 2½ kleine morgen bouwland gelegen te Oploo. In het zuiden grenzend aan de verkopers, in het noorden en westen aan Derk Hendricx en in het oosten aan Jan Poos.",09.12.1728
11564504,"Cathalijna Leendert Claessen weduwe Arie Teunis Jansse. Erfgenamen dochter Annamaria gehuwd met Vrens Tonisse van Santvoort voor 1/3 deel; dochter Teuniske weduwe Peter Deckers voor 1/3 en de twee onmondige kinderen van overleden dochter Jenneke bij Antonij Alars voor overige 1/3 part.",4-12-1764
11590086,"Wij Willem Adams en Jan Janssen Spierincks schepenen verklaren dat voor ons is verschenen Aert Ariens van de Braecke als erfgenaam van wijlen Jenneken Ariens van de Braecke, geboren te St. Michielsgestel die op 29 september j.l. op Nieuw Herlaer is gestorven, heeft verklaard dat Jenneken geen ander bezit heeft nagelaten dan een obligatie van 250 gulden ten laste van Dielis Joosten de Vissere inwoner van St. Michielsgestel en wij schepenen verklaren er niet mee bekend te zijn dat ze meer bezit heeft. Actum 4 oktober 1662.",04-10-1662
11602907,"Gedrukte ordonnantie van de Raad van State in verband met het laten malen van de granen op molens van het eigen dorp en niet op molens die daar buiten liggen.",01-06-1654
11611965,,18-11-1769
11616949,"Dirckx soen Wouters van Beeck heeft geloeft toegesegt Simon Walravens Delissen Houbrakens, Jan Craen, Jan Ruten? ende Hanricke Lucassen tot behoeff die van Neijnsel ende Overessel, dat hij eene jaerlijcke ende erffelijcke chijns die welcken die naebueren van Neijnsel ende Overessel jaerlijcx schuldich waren te vergelden Wijllem Hanricx Ansems.",1548-1552
11618987,"Joncker Wouter de Jeger, joncker Johan de Jeger gebroederen, commensale van mijne heeren den Canoninck Zeghers alhier.",1634
11623540,"Everaert Willem Janssen een stuck lants, gelegen ter plaetse Olland, hem vercoopere aengecomen bij deijlinge van sijne ouders. Heeft hij vercocht aen Jan Willem Janssen sijnen broeder.",1664
11625763,"Vernadering door Joost Aerts woonende tot Liemde, van een vierde gedeelte in een hoijbeempt gelegen tot Liemde. Soo als Handrick Cornelisse van de Oever man ende momboir van Maria sijne huijsvrouwe ende Jan Jan Ariaen Gerits Willems, man ende momboir van Anneken sijne huijsvrouwe dat opden dartichsten julij 1697 hadde vercofft, ende Gerit Anthonisse wonende tot Boxtel.",1698
11627716,"Schuldbekentenis door Jan Janse van de Loo, Marie Janse van de Loo en Daendel van Rijsinge in huwelijk hebbende Jenneke Janse van de Loo, aan Judig van Heertum weduwe Jacob van der Hagen. Jan Jansevan der Heijde ende Lambert Janse Habraken tot borgen",1753
11629983,"Schuldbekentenis door Hendrik Antonij der Kinderen aan Peter Vriends. In de marge vermelding van: Gijsbert Jan Vorstenbosch woonende te Schijndel als in huwelijk hebbende Johanna Aalbert van Casteren eigenaar geworden van bovenstaande obligatie bij deeling voor scheepenen den 26e november 1804.",1799
11638956,"Soo heeft Hendrick Jacobs van Eijnthoven woonende tot Sint Miggielsgestel in verpagting uijt gegeven aen Hendrik Cornelisse Vervoort inwoonder alhier, een huijs, hoff, scheur, schop, teul, hoij ende weijlanden gestaan ende gelegen ter plaetse Kremsel, in die groote ende voege soo ende gelijk de weduwe Jan Teunisse in haer gebruijk is hebbende.",1718
11641542,"Ontlastbrief afgegeven door de schepenen van Breugel, voor Jan Lathouwers geboren Breugel gehuwd met Hendrina Thomas van de Ven geboortig van Breugel (afgegeven te Son 10 september 1738). Zij gaan naar Stratum.",1755
11643712,"Wij Andries Kluijtmans en Willem Versantvoort scheepenen der Vrijheit Sint Oedenrode, dat wij ons ter requisitie van Pieter van Hoorn op den vierde arpril 1795 begeven hebben aan zijne huijsinge, staane alhier aan de Hambrugge en aldaar met assumptie van den meester timmerman Jan de Poorter, ter zijner instantie de volgende belijding over gemelde huijzinge gedaan en bevonden hebben, dat de woning in seer slechte staat is.",1795
11672476,"Voor schepenen Jan van de Heuvel en Jan Janssen Broeren zijn verschenen Rut en Michiel broer en hun zuster Quireijn met haar voogd, kinderen van Jan Rutten van de Berselaer verwekt bij diens tweede vrouw Lijsken Daniels; Jan Janssen Spierincks man van Oijken en Jan Ariens man van Mechteld beiden ook dochters van genoemde Jan Rutten en Lijsken. Zij maken een deling van het bezit dat ze van hun ouders hebben geerfd, gelegen in de parochie van Gemonde deels onder St. Michielsgestel, deels onder St. Oedenrode en deels onder Boxtel. - Ruth, Michiel en Quireijn als 3 kinderen van Jan Rutten krijgen samen een woonhuis etc. genoemd de Bocht, in Gemonde onder St. Oedenrode op het Berselaer, b.p. de gemeijnte, erfgenamen heer Gerrit Schellekens e.a., noordelijk de pad daar van Michiel Aerts. Land in de heide, in Gemonde onder St. Oedenrode, in de Frolissen, b.p. Meus Tijssen, Ruth Aerts, het2e lot, Michiel Aerts. Dit lot krijgt ook de volle eigendom van de brandewijnketel met de slang en de kuipen.   - Michiel, Rut en Quireijn kinderen van Jan Rutten van de Berselaer krijgen een schuur etc. b.p. de dries uit het 1e lot, de Beeckakker, Rutger Aerts, de 2 strepen land waarover de voetpad loopt afkomstig van heer Gerrit Schellekens. Land gekocht van de erfgenamen van heer Geraert Schellekens ter zelfder plaatse, b.p. het streepje waar de pad over loopt, de genoemde dries, erfgenamen heer Gerrit Schellekens,  de gemeijnte, de bocht uit het 1e lot, het tweede streepje. Akkerland genoemd de Beeckakker ter zelfder plaatse b.p. de genoemde dries, Gerrit Janssen van Hees, Ruth Aerts, het streepje waar de voetpad overheen loopt. Hooiveld genoemd de Karsmaecker te St. Michielsgestel nabij de Pettelaer, met 3 notenbomen staande op de dries die binnen een jaar moeten worden opgeruimd. Het schaarhout in de Beeckakker voor de eerste hauw is gezamenlijk voor de erfgenamen. Dit lot moet de schuur binnen een jaar afbreken en de grond blijft eigendom van het 1e lot.",11-02-1677
11680447,"Pieter Ruyl en Peter Ragaij burgemeesters van Grave met kennis van de magistraat vesten in naam van de stad scholtis Ludolph de Quaij en Henderina Ingenoel e.l. het huis en erf in de Veerstraat naast het huis en erf van de weduwe Jan Peters genaamd de Leeuw, aan de andere zijde naast het erf van Jan Leijntjes, achter uitkomende aan de kerk, met de stal en ap- en dependentien van dien en voor aan de gemene straat, . Substituutscholtis, schepenen Verhorst en de Greve","8 april 1706"
11683944,"Lucia Thenaar vest Lambertus Scheepers en Johanna van der Wielen e.l. het huis en erf in de Hoofschestraat, aan de ene zijde het erf van Arnoldus Cornelisse, voor en ter zijde de gemene straat, met geen andere lasten dan 's heren poortchijns ad vier stuivers, een gulden zeven stuivers aan de kerk, tien stuivers geestelijke pacht verkocht voor achthonderd gulden. J.A. Krieger, schepenen G. Duiteler en Melchior de Meuse, L. Thee naar, P.H. Jongedijk gezworen klerk. 28 januari 1796. In de marge: koop met de last 851-5-0, de 40ste penning 21-5-10 dd 18 januari 1796","28 januari 1796"
11695933,"Rapport n.a.v. een onderzoek van berichten van de raad en rentmeester generaal der domeinen op een rekest van Anthony van Hanswijk met een verzoek om de grote Brabantse zwijgende landtol geleide- en paardengeld aan hem te verpachten voor 50.000 gulden mits hij geschikte borgen aanstelt.",24-5-1734
11753008,"Rekest van Dielis Jansse van der Heijden, Sijmen van de Vleut, Joseph van den Broek, Johannes Teuwe van Roosmalen, Arnoldus Jan Smolders, Jan Paulus van der Meulen, Roeloff Tomasse, Peter van Gerwen, Francis Heesakkers, Hendrikus van de Langenberg, Jan Driesse van den Heuvel, Willem van Houten, Jacon Tomasse van der Aa, de kinderen Gerrit Snellaart, Laurens van Esch, de weduwe Piet van de Langenberg, en Koenraad Stoop wonende te Schijndel in het kwartier Peelland die hutten hadden geplaatst op gemeentegrond en de discussie daarover.",2-12-1778
11772166,"huwelijksvoorwaarden tussen Jacobus de Bont zoon van Jan de Bont en Margriet Brinckmans e.l. bijgestaan door zijn ouders en zijn zwagers Johannes Crebbers burgemeester en Johan van Ravesteijn schepen der stad Ravenstein en Maria Verheijen dochter van Wolter Verheijen en Margriet vander Sterren e.l. bijgestaan door haar ouders en haar ooms en behuwdoom Arnold Verheijen IUL, Wolter vander Sterren burgemeester te Ravenstein en de leengriffier Ludolph de Haen. Margrijet Bryenckmans tekent met een merk. Geen andere getuigen dan de momboirs van partijen. Ravenstein 17 januari 1675",17-1-1675
11779346,"Goert soen wyleneer Willemss van Mekeren heeft beloofd 8 Carolus gulden te betalen aan Aerden Jan Ruttens en Jannen soene Jan Wellenss. Getuigen: als voor.",23-04-1535
11786934,"Peter soene Goessen Dircxs heeft beloofd 25 Carolus gulden te betalen aan Jannen soene wylen Claeus Donckerss. Getuigen: als voor.","09-02-1548 (=1549)"
11819764,"burgemeesters, schepenen en raad van Grave machtigen Herman Cornelissen wonende te Gendt in de conchergerie van de raad van Vlaanderen om daar vanwege Adriaentien Bovenbecker echte dochter van Bernt Bovenbecker en Aelken Robberts gewezen e.l. om van de erfgenamen van Jenneken van Hogeweghe te ontvangen het gerechte vierde deel van negenhonderd gulden overgegaan op de voornoemde Adriaentien door het overlijden van haar moeder Aelken Robberts, onder aftrek van hetgeen Adriaentjen daarvan al bewijsbaar heeft ontvangen. onder het stadszegel","11 september 1645"
11824515,"Jan Hoeben en Gerart Brouwer, schepenen van Vierlingsbeek oorkonden, dat: 1) Jenneken Oomen en haar gekoren momber Hanrick van Haeps; 2) Jan van Rosmuelen; 3) de scholtis Wolter Willems, in plaats van de heer van Cuijk als overmomber, aan de gezamelijke kinderen van wijlen Deen van Mher en Hanrisken e.l. hebben opgedragen een huis en hofstad van ongeveer 1 morgen, grenzende aan de erven van Hermen Gerits en voornoemde Deen en de gemene straat, met een uitgang van 13 sester rogge","1598 mei 20"
11830209,"Voor schepenen verscheen Gielis zoon Jan Damen en belooft als schuldenaar op onderpand van zijn persoon en bezit om aan Henrick Marten Peters per a.s. Pinksteren de som van 21 karolusguldens te betalen, elke gulden van 20 stuivers, met nog een Bosch malder rogge. Getuigen Willem Goerts van de Merendonck en Henrick Willems van Beeck als schepenen. Datum 20 mei 1558.",20-05-1558
11832949,"Wij Wouter Geraerts van de Meer en Jan Janssen van Gelderop, schepenen verklaren dat voor ons is verschenen Adriaen Willems de Cort en Gijsbert Spierincks als aangestelde voogden over de 2 minderjarige dochters van Teunis Willems de Cort verwekt bij Willemke Spierincks en verklaren aan Franck en Wouter Janssen van Boxtel, broers en inwoners alhier een bedrag van 200 gulden schuldig te zijn, elke gulden van 20 stuivers, vanwege geleend geld dat deze voogden op 20 april 1695 hebben ontvangen in zilveren ducatons van 3 gulden 3 stuivers en in rijksdaalders van 2 gulden 10 stuivers. De comparanten beloven dit geld aan Franck en aan Wouter of de toonder van deze brief per a.s. april 1695 met een rente van 4 % terug te betalen. Indien de geldschieters het geld langer aan de schuldenaar willen uitlenen zal de rente blijven doorlopen totdat de hoofdsom is voldaan. Wie van partijen wil aflossen moet dat de ander 3 maanden vooraf opzeggen. Tot zekerheid van het nakomen hiervan stellen de voogden het bezit van de kinderen in onderpand. Datum 2 mei 1695, getekend: Wouter van de Meer, Jan van Gelderop, C. van Zutphen secretaris.",02-05-1695
11891753,"Ter instantie van Peeter Adriaen Heekers is geregistreert. Catharina van Ansem meerderjarige jonge dogter, de helft of een gedeelte in seeckere huijsinge ende erve, staande en geleegen tot Sint Oedenrode ter plaetse genaamt op den Heuvel, deen een sijde Jan van Ansem, de andere sijde de Rooijse straat, deene eijnde agterwaerts Roelof van Son, de ander eijnde een gemeene weg. De opdragerse aangekomen bij koop ende opdragte teegens Jan van Ansem haeren broeder dato 1751, met nog een brandhuijsje en een derde part inde geregtigheid van een put naar dato op voorschreven erf getimmert. Heeft sij opgedragen ende overgegen Peeter Adriaen Heekers coopman ende inwoonende borger alhier.",1755
11896719,"Gerit Claessen de Gruijter burger in de stad Breda en Jan Franssen gemachtigd door een schriftelijke machtiging d.d. 15 september 1644 gepasseerd voor Daniel Buijcx openbaar notaris en Dielis Cornelis Stappaerts en Jan Dircx als getuigen hem verleend door heer Gaspaer Schillemans pastoor van de vrijheid Weelde, licentiaat in de godheid en door meester Aelbert Jacobs schoolmeester te Weelde als uitvoerders van het testament van wijlen heer Aelbrecht Brants, in diens leven kapelaan te Weelde, zoals blijkt uit de kopie van diens testament van wijlen deze heer Aelbrecht opgemaakt voor notaris Jacob Beens d.d. 24 juli 1644, mede als erfgenamen van wijlen heer Aelbrecht Brants, verkopen aan Jan Corstiaen Marcus Smits daarvan voor het vruchtgebruik en aan diens kinderen verwekt bij diens vrouw Willemken dochter van Dirck Brants het erfrecht, een perceel weiland gelegen te Boxtel in herdgang Breukelen ter plaatse de Cruijsbroecken nabij de Blickstraat, b.p. Jacop Gerit Franssen, meester Aert Adriaens hoefsmid, Zebert Gelden Brants, de Blickstraat daar. De verkopers beloven de verkoop gestand te doen. Datum 28 september 1644, getuigen Poppels en Ruijs, schepenen.",28-09-1644
11937162,"Dirck belooft de erfgenamen van Lambrecht Ruelens dat die de rente van 5 pond mogen aflossen tegen betaling van 25 peters van elk 18 stuivers, samen met de rente van de 5 pond. Datum St. Vitusdag, getuigen Willem van de Berselaer en Aert van Vucht.",28-04-1489
11939871,"Afstand van tochtrecht door Hendrik Janse van Luijk weduwnaar van Jenneke Marten Hellinx o.a. huis onder Hermalen","6 december 1727"
11944349,"Johannis Jansse Verhagen weduwnaar van Willemijn Peeter Voogels en Maria Adriaan Hellings laatste weduwe van Johannis Willem Smits",1799-1802
11949381,"Stephanus Perkin verhuurt aan Piet Otten, inwoners te Dinther een kamer, halve zolder, stukje hofland voor periode van twee jaar. Dit is een incomplete en doorgehaalde akte.",00-00-1797
12045223,"Staat en inventaris nagelaten door Jacob van Groenendaal zijn vrouw Teuniske Janse van den Heuvel ter togte en hun 5 kinderen Johannes, Rover, Johanna, Annamie en Jennemie van Groenendaal ten erfregte; Teuniske wil hertrouwen met Hendrikus van Dinther. Het betreft roerende goederen.",22-4-1784
12053064,"Ontlastbrief via regerend armmeester Bartel Gijsbert Pijnappels voor de armentafel van Esch t.b.v. Andries Jacobs van den Biggelaar geboortig van Schijndel getrouw dmet Helena Francois Veraelst geboortig van Helvoirt","1 december 1759"
12055837,"Bericht op het rekest van Isa[a]k Elsevier drossaard der heerlijkheid Sint Michielsgestel aangaande een crimineel proces tegen Willem Gerrit Heijnen alias den Coijman inwoner van genoemde heerlijkheid. Hij heeft een moord begaan op Jan Dirx van de Zande en is veroordeeld tot de strop [koord] waar de dood op gevolgd is. Ook verklaart hij dat een zekere Jan van Geldrop, ook wonende onder deze heerlijkheid, een zakje met geld bij hem heeft gebracht met daarin 100 ducatons, die verzocht heeft dat die onder de drossaard zouden blijven. Elsevier heeft uiteindelijk het zakje aangenomen in presentie van van Geldrop en een vrouwspersoon, dat achteraf de zuster bleek te zijn van genoemde misdadiger Coijman. Nadat Coijman was geëxecuteerd is lange tijd daarna een zekere Gerrit Hendrik Willems bij de drossaard gekomen, de vader van Willem Gerrit Heijnen, die voorgeeft dat de 100 ducatons aan hem toebehoren. Er ontstaat discussie over de proceskosten.","11 januari 1715"
12058517,"Bericht op een zeer uitvoerig rekest van Peter Janse de Ridder cum suis, allen ingezetenen van Udenhout, verklarende dat het sinds onheugelijke tijden de gewoonte is geweest dat iemand op het voorhoofd van zijn huis een schop mag bouwen als bergruimte voor turf, strooi of ‘andere rouweling’. Genoemde de Ridder heeft een schop gebouwd op twee mikken ter lengte van ca. 12 voeten maar is daarom door de domeinen beboet tot een bedrag van 200 gulden, omdat er illegaal gebouwd is. Hierover rijst de nodige discussie waarbij tevens wordt verwezen naar de situatie in o.a. Schijndel, Rosmalen, Nuland, Heeze, Berlicum en Heeswijk, waar hutten zijn gebouwd.","11 juli 1759"
12062259,"Brief aan M. Heijnsbergen te Veghel n.a.v. klachten van de leemstekers aldaar die verplicht zijn de leemkuilen te dichten.","28 juli 1787"
12070865,"Abraham van Lent, deurwaarder van de Raad van State verklaart uit krachte van authorisatie van Alard Jan Gansneb, genaamd Tengnagel, Raad en rentmeester van episcopale goederen van stad en meierij, in arrest te nemen vaste goederen van Jan Antonij Jansse te Dinther.",4-11-1729
12139393,"Voor mij notaris en getuigen verscheen Adriaen zoon Marten Adriaens wettelijk verwekt bij Geritie Jan Franssen ter ener zijde verder Jan zoon Aert Huiberts van Breda wettelijk verwekt bij Margriet Denissen, nog Hendrick Willems Venrooi als man van Willemken Aerts van Breda en daarbij nog Hendrick Jan Spierincks als voogd over Marie dochter van Eijmbert Denissen, als zodanig voor henzelf en ook handelend namens de andere afwezige erfgenamen van genoemde Lambert Denissen van Griensven als partij ter andere zijde en hebben om hun onderlinge kwestie over de rentes die zijn oppgenomen tot betaling van het bezit van Lambert Denissen welk bezit deze in zijn huwelijk met Geritie Jan Franssen had verkregen, het volgende afgesproken. Genoemde Adriaen Martens zal de helft bijdragen en betalen van het bedrag van 150 gulden dat Jan Janssen van Griensven ten laste van deze Lambert te vorderen had volgens de schepenschuldbrief, maar Adriaen zal daarvoor wel het profijt krijgen van de helft van de schuit die Lambert na zijn dood had nagelaten en de helft van de koopsom van de twee eikenbomen die samen met die schuit waren verkocht. Tot zekerheid hiervan hebben partijen hun persoon en bezit verbonden. Aldus gepasseerd in Den Dungen op 7 mei 1694 in aanwezigheid van Goijaert Hendricks van Kempen en Frans Hendrick Franssen als poorters en getuigen. Ondertekend: Adriaen Martens, Jan Aerts van Breda, Henrick Willems Vanroij, Hendrick Janssen Spierincks, Goijaert Hendrick van Kempen, dit merk is + van Frans Hendrick Franssen, mij present W. Mans notaris.",07-05-1694
12245113,"Jan vander Locht ende Delis ende Ude, dragen op Peter van Achelen 2 lib. wt eenre hostat, belendingen: Lambrecht van Reke; Agnes IJkens dochter, te gelden op onser vrouwen dach assumptio. Akte doorgehaald.","24-8-[1450] (datum op sinte Bartholomeus dach)"
12248137,"Henrick Cling ende Goert Gerit Daemen als kerckmeisters inder tijt van der kercken van Lith hebben gekent dat Ghijsbert soon wilneer Henrick Ghijsberts heeft gequijt eenen jaerlijcken ende erfelijcken tzijns van 2 pont paijments welck wilneer Ghijsbert Gerits heeft gemaect ende gelaten der kercken voirs ende capellaen ende coster vande selver kercken voer sijn jaer getijt ende Lijsbet sijnre huijsvrouwe daer mede te doen wt 2 hont lants tot Lith after de hoef after Henrick Loeijchss na inhout ende wtwijsen des memorij boecks der kercken voirs. Ende de kerckmeisters voirs hebben gelooft van wegen der kercken voer hoer ende ander kerckmeisters na hoir dat sij sullen betalen alle iaer capellaen ende coster der kercken voirs hoer gedeelt dat sij daer met recht an hebben op hoer ende al der kercken goet dat sij heeft ende vercrijgen sal, alzo datter Ghijsbert voirs ende sijn erven schaeij of commer af comen en sal ten ewijgen dagen. Ende nijet te mijn datmen dat jaergetijt sal doen. Testes Henrick Cling, Ge. Ghijben. Akte doorgehaald.",12-1-[1520]
12250088,"Ambrosius Janss van Zambeck geeft over Dirck Aerntss enen halven mergen lants in Lith op die gans weijen, belendingen: Henric Delis; Gijsbert Janss; de stege; Aernt Peterss. Testes scabini Bernt Dircks ende Gijsbert Janss.",29-1-1552
12252039,"Reijnder Peterss belooft te betalen Henrick Eijmerss die somme van 14 brabantse gulden op bamis dach toecoemende. Testes Jochim Janss ende Hanrick Reijnderss.",30-12-1566
12253989,"Voor Dierick Otten en Jan Rembouts van Grinsven, schepenen in Lith, is verschenen Geraert Henricxss ketelboeter. Deze draagt op aan Evert zoon Evert Evertss: - zijn gerechticheijt wesende de gerechte helft in een hofstad en hof in Lith aende Vrouwestraet dair Neesken Vervorst op heeft gewoont; - de helft van een stucxken hooffs gelegen teijnden Aert Peters van Reeckx erfgenamen erffenisse. Verkoper had dit gekocht van Peter zoon Cornelis Henrixss Vervorst (schepenbrief d.d. 21-10-1622).",30-3-1623
12255927,"Voor Matthijs van Nouhuijs en Lowijs Janssen, schepenen in Lith, zijn verschenen Geurt Janssen Crol ouderdoms 23 jaeren wonende op Paeswaij geassiteert met Huijbert Cornelissen momber. Dezen dragen op aan Goris Dirckx: - anderhalff hont lants in Lith opde lange weijen int sijne gelegen; - anderhalff hont lants in de middelste hoeve int sijne gelegen. Voor de somme van 84 gulden voor een perdt. Koper moet hieruit onderhouden de helft van 1,75 voet maesdijck inde Waij onder de schouwe van Lith bovennaest den coper benedennaest Jan Jansse de Veer.",21-3-1681
12258493,"Aan enige ingezetenen van NEDERWETTEN is een accoord afgegeven dat zij mogen kopen of doen kopen 10 merriepaarden en die uit hun woonplaats te brengen, als ze tenminste de vereiste landslasten betalen.","dinsdag 25 juli 1634"
12273405,"“Den Raedt van State der Verenigde Nederlanden voorgenomen sijnde verscheyden disputen over ’t verstant vant 3e articul der ordonnantie opt gemael ende hoe het selve te practiseren in de dorpen ende plaetsen van de meyerie vanden Bosch, Marquisaet van Berghen, Baronie van Breda ende andere landen resorterende onder de generaliteyt, alwaer de verpachtinge is gedaen, heeft goetgevonden by desen te verclaren, dat geen ingesetenen woonende omtrent off op de uyterste limiten off districten van de selve landen en vermach eenich graen, van wat specy het sij, ter molen te brengen op eenige molens staende op den bodem van andere heeren, landen, buijten ’t resort vanden districte resorterende onder de generaliteyt, daer onder hij is woonende op de boeten ende penen daer toe voor desen bij placcaet vanden 9e februari 1649 gestatueert. <ZR>Ende voorts ordonneert wel expresselyck dat een yeder ingeseten van dorpen ende plaetsen daer een molen is staende sijn granen op den selven molen sal moeten laten malen ende niet op andere molens buijten de dorpen ende plaetsen daer een molen is. Ende die plaetsen die geen molen hebben ende sulcx op andere plaetsen moeten laten malen, dat sij ’t selve niet sullen mogen doen voor dat sy heur graen hebben aengegeven aenden pachter off synen collecteur van de plaetse harer residentie aen den welcken het volle recht van impost moet werden betaelt, sonder dat sij aenden pachte ronder wiens district tselve gemalen maer niet geconsumeert sal werden, eenigen impost hebben te betalen als alleenlick ’t graen aen hem oock aen te geven, alles op pene in de ordonnantie begrepen.","1 juni 1654"
12287791,"Johan GANS en Aernout LUZ die verzoeken te mogen kopen 37 lopenzaad en 33 ¼ land toebehorende aan de landshoeve onder MILHEEZE bij BAKEL en rondom belend door goederen van het klooster BINDEREN.","19 november 1659"
12289845,"Rekest van schepenen en regeerders van OIRSCHOT met klachten over ontvanger SCHRIECK.","18 augustus 1664"
12292374,"Consideratie van de classis van Kempen- en Peelland in de zaak van Cornelis Costius predikant te Helmond waarvan de stukken nader zijn bestudeerd. De partijen zullen gehoord worden door enige onafhankelijke theologanten.","maandag 5 februari 1674"
12294596,"‘Missive van de Heer van Deurne als rentmeester op een rekest van Johan Waleius eerste deurwaarder van de Raad van Brabant in Den Haag op en jegens Johan Mamelt alias Johan Wendelsen van Ravesteijn wegens salaris en voorgeschoten penningen ter waarde van 81-8-8. Besloten wordt de suppliant aan te schrijven dat hij zijn declaratie of specificatier moet overleggen aan de Raad van State.","woensdag 13 mei 1680"
12303910,"Memorie van de classis van ’s-Hertogenbosch ivm het beroepen van een andere predikant te Berghem en Nistelrode.","zaterdag 19 juni 1689"
12310444,"Rekest van Abraham Huijberts Henxtheuvel pachter van het bestiaal te ’s-Hertogenbosch over de nog openstaande restanten van zijn pacht over 1644 en om die te kunnen invorderen wordt hem de prolongatie van de parate executie verleend","donderdag 3 oktober 1647"
12347308,"Rekest van Nicolaas Stelt secretaris van de dingbank van Mierde i.v.m. de aanlevering van de lijst van de brouwers en de ijk van de brouwketels getekend door de regenten, die hij op ongezegeld papier heeft verstuurd aan de pachter van de impost op de bieren en excuseert zich daarvoor.","maandag 17 maart 1698"
12349261,"Rekest van borgemeesters, schepenen en dekens van de stad Helmond in het kwartier Peelland met een uitvoerige discussie over het omslaan der middelen in welke akte worden genoemd: Roeloff Tiebosch, N.Volkenhoff, Geerloff Suijckers [er staat Zuijckers], het corpus van Helmond, welk rekest wordt overhandigd aan de raad en rentmeester generaal der domeinen Philip Jacob van Borssele om zich nader te informeren over deze kwesties","zaterdag 18 maart 1702"
12351638,"Rekest van de regenten van Moergestel in het kwartier Oisterwijk met een verzoek om remissie [met nadere details]","26 oktober 1705"
12377307,"Index letter R<ZR>Raad van Staate, reeckenkamer [generaliteijts], Rhenen, reglementen, recipissen, renten, remissien, Roermonde, Rijssel, rantsoenen, reeckeningen, regimenten","september - december 1708"
12432255,"Jan Laurenss heeft Henrick Rembout Goijartssoene ten halven gegeven eenen halven mergen lands in Littoijen in Beckers hoeve een spatie ende tijdt van 3 jaeren lanck duerende, beginnende inden hoichtijde van korsmisse naestcomende inden jaer xlvj ende zoe voert den voirs tijdt geduerende; met alsulcker voerwaerden ende conditien toegedaen dat Henrick voirs den voers halven mergen landts dierste jaer zal misten te wetene opten hont 10 voeder mists; dies sal Jan voers daer toe gheven het dorde voeder ende alnoch 6 voeder inden hoep, ende Jan voers sal gehouden wesen den voerg Henricken te verleenen eenen wech, oft ingevalle des neen, zoe en zal Henrick voers int misten nijet gehouden wesen; gelovende Jan voirs den schoof altijt vrij op ende af te leveren. Testes Jan Clinge ende Lambert van Maren.",18-12-1546
12446596,"Wij Jan Berwer ende Goirt van Mameren, Scepenen, tugen dat voir ons comen sijn DIRICK VAN HEMERT ende MEESTER HENRICK VAN ZWOL, Kerckmeesteren inder tijt der kercken van MEGEN, ende hebben van weegen de kercke voirs., bij consent van JANNEN DE PAZ, Hooffmeester des Greven van Megen, des Pastoirs, Scholtet, Scepenen ende gemeijn nabueren van Megen, opgedragen ende mits deesen scepenen brieff opdragen, MEESTER HENRICKEN VAN ZWOL voirs., twe scepenen brieven ende dinhalt der brieven, dair deesen scepenen brieff doir is gehangen met eenen transfexie, mentie makende van XXIIII stuver jairlicx, gaende wt zekere onderpanden gelijck dat begrijpen de principael brieven dair deesen brieff doir is gehangen.<ZR>Ende dat ter tijt ende wijlen toe dan de Kerck meesters van weegen der voirs. kercken, den voirs. Meester Henrick eens weder geven de somme van achthien gulden, twintich stuver loopents gelts voir elcken gulden, ende den pacht nae beloop vanden tijde.<ZR>Actum anno XXXIX, den XXVI van april.",26-4-1539
12449287,"Voor: Jan Tieleman (president); Peter van Rooij (schepen)<ZR>Comparanten: Gerardus van den Heuvel (Megen) t.b.v. Antonij van Grinsven<ZR>Betreft: verkoop land; 2½ hond; den ouden Kamp<ZR>Belendingen: den groenen dijck; Hr. van de Lande; het dijkkampken; den groenen dijck","4 november 1788"
12452620,"Bericht van Heijndrik Corstiaans Heijermans de huidige collecteur over 1714 op een rekest van de regenten van Eckart aangevende dat aldaar sinds oude tijden een collecteur is aangesteld die alle quohieren en lijsten zowel van de lands- als de dorpslasten heeft moeten collecteren tegen een redelijk collectloon","dinsdag 13 november 1714"
12459821,"Opdracht door Arnt Smoutman en Hylleke e.l. aan Henrick Koeberch van een op pinksterzaterdag te betalen rente van 1 phil.gl., gevestigd op een aan de gemene straat gelegen huis en erf; losbaar met 16 phil.gls.",31-5-1534
12462426,"Jacop van Pleess en Frans Roevers, schepenen te Vierlingsbeek oorkonden, dat Goertke Verbruggen en Tryn e.l. aan Tryn en Thonyske, dochters van Heyn Veren opgedragen hebben een bij de gemene weg gelegen hooipass van ongeveer 1 morgen.",28-11-1540
"CORNELISSEN<ZR> JAN HENDRICX VAN NISTELROOIJ<ZR>Licop[enningen] -25: stuijver<ZR>Eenen scheut vande twee scheuten te langhs beneffens de meulestraet, aende graff aen tuschen hendrick sebers camp deur, ende soo recht deur nefens willem sanders camp, tot op de waterlaetse steege, gemijnt bij GERRIT HENDRICK SEBERS voer twee ende t'seventich gulden, ende slaet vijff slaegen,<ZR>Borgen, JAN EVERS DE GROOTE<ZR> AERT VAN HEUMEN<ZR>Licop[enningen] -5 gl.<ZR>(f.4) Item eenen anderen scheut, mett den selven te deijlen gemijnt bij JAN JAN EVERS DE GROOTE voer twee ende seventich gulden, ende slaet drie slaegen,<ZR>Borgen, AERT VAN HEUMEN<ZR> RUT JANSSEN VAN WELL<ZR>Licop[enningen] -5 gl.<ZR>Item eenen scheut vande twee scheuten op de daelen, gemijnt bij WILBERT DRIESSEN voer acht ende t'seventich gulden, ende slaet ses slaegen, den selven noch twee slaegen,",1670,15-MAR-18
12508120,"De Raad is niet vergaderd geweest wegens de bededag","woensdag 3 maart 1717"
12513536,"Deijlinge der kijnderen ende erffgenamen van Jan Jacop Aertss ende Peterkens sijnder wittige huijsvrouwe.<ZR>Inden ijersten is te deel gevallen Uman Goertss als man van Thonisken dochter wijlen Jan Jacops een stuck lants in Erp opte minsberch genaempt den wolfs put, belendingen: Goert Wreijnss; Jan van Hout; Jan Willems; den gemeijnen wech; noch het sestegedeelt in 2 stucken bempts aen malkanderen gelegen genaempt het groet aabroeck ende Wreijnss Aabroeck gelegen op rijkerbeeck aldaar, belendingen: die Aa; derffgenamen van Gerit Jacops int olij ven; die gemeijnt; Goert Wreijnss noch een malder roggen welck jaerlix gilt Jacop Gijsbertss; noch eenen erff thijns van 2½ gulden ende 7½ st. jairlix die worden gegouwen op Boirdonck ende betalen derffgenamen Aert Jan Aelberts; noch 10 st jaerlix ende werden gegouwen tot Vechel ende betaelt bij Henrick Huijben.<ZR>Jannen Jacop Peterss als man van Beelenen dochter Jan Jacop Aertss is te deel gevallen een stuck lants in Erp op Heess, belendingen: erfgenamen Jan Martens genaempt den Zijtaert; Daniel Geritss ende Henrick van Boerdonck; Thonis Joerdens; erfgenamen Dirx die Leew; noch een stuck lants aldaar op Heess aende heijlich eijck, belendingen: erfgenamen Jan Martens; Roeff Jan Jacops; erfgenamen Gijb Joesten; noch het sestegedeelt inde 2 bemden ut in alio latere; noch een erps malder roggen erffspachts wleck hen gilt Dirck Gerit Joirdens; noch enen erff thijns van 2½ gulden 7½ st. van eenen meerdere thijns van 5 gulden 15 st, welck men hen gilt op Boerdonck ende gelden derffgenaemn Aert Jan Aelberts; noch 10 st. jaerlix ende gilt Henrick Huijben tot Vechel.<ZR>[akte onvoltooid, ongedateerd].",[1580]
12550379,"Missive van ontvanger Van Pallant op een rekest van de regenten van Netersel gezonden aan de Raad om advies","vrijdag 16 februari 1720"
12563419,"HENDRICK PEETERS inwoonder tot Hees: ende PEETER VOLCKERS VAN ALPHEN: eenen mergen groeslanth gelegen opden rusheuvel onder de vrijheijt van Osch: aende eene sijde Erve de WEDUWE STOFFEL CORNELISSEN aende ander sijde den Heer VAN DEURSSEN ten Bosch: schietende vande gemeene straet<ZR>(98v) ofte steegh tot opden hooijgraeff daer aengelegen: hebben sij wettelijck ende erffelijck [ver]cocht opgedraegen ende overgegeven aen DIRCK ende FRANCOIS SOONE JAN VAN MEEUWEN President ende sijnen erven omme bij den selffden ten erffelijcken rechtten te hebben ende te besitten: ende hebben helmelinge daerop [ver]tegen in manieren indien gewoonlijck sijnde tot behoeff van DIRCK ende FRANCOIS SOONE JAN VAN MEEUWEN President voors[creve] ende sijnen erven: Mede geloovende sij [ver]cooperen transportantten als schuldenaeren principael op [ver]bantte van haere respective persoone ende goederen nu hebbende ende naermaels [ver]krijgende het voors[creve] [ver]coopen opdraegen ende overtransporteeren altijt voor goet vast bundigh ende van volle weerden te sullen houden / Ende alle commer calangie ende aenthaele daerinne sijnde ofte naermaels komende alingh ende int geheel aff te doen Ende te weeren Los ende vrij vuijtgenomen: schouw ende commer binnen slants daer toe te onderhouden gehoorende: Getuijgen waeren hier over de Heer Stadthouder BROECKHUIJSSEN: GEURT JAN GEURTS ende JAN AERTS Schepenen der Stadt ende Vrijheijt van Osch: ende des Toirconde bijde selffde onder teeckent binnen Osch opden sevenden April sestienhondert vierentnegentigh<ZR>ondertekening door: D van Broeckhuijsen; Geurt Jan Geurts; Jan Aert Peetters<ZR>in marge: Coopspenningen -5 8 gulden<ZR>40:en penn[ing] -1-9-0 Bet[aelt]",7-4-1694
12599944,"Voor schepenen van Geffen is verschenen Gerit Janss van Dijen als man van Juexken sijnder huijsvrouwe een wittege dochter van Delis Hanrickxss van Hermaelen ende Jenneken sijnder huijsvrouw tsaemen verweckt. Deze heeft vercocht Peter zoene wijlen Joest Hanrickxss woenende tot Nulandt een erffelijcken thijns van 4 carolus gulden alle jaer eens te betaelen op Baemis, ende dat wijt huijs ende hoff toebehoerende den voors Gerit van Dijen, groot omtrent 6 vaetsaets landts in Geffen ter plaetssen gemeijndelijck genoempt in die broeck straet, belendingen: Toenis Janss west; Jan Matijss van Lijbergen; die gemeijn straet; den Enge. Op conditie daer in ondersproeken dat den vercoeper deesen voors tsijns van 4 carolus gulden altijdt sal moegen lossen met 57 gulden ende dat in twee offt eenen termijn soe den vercoeper dat believen sal.<ZR>Actum 2-3-1592. Testes schepenen in Geffen Goessen Dilessen ende Daeniel Welten.<ZR>[in marge:] hier is eenen schepenbrieff wijt gemackt voer Peter Joesten.<ZR>[in marge:] deesen brieff van Peter Joesten ende Gerit van Dijen is gequeten ende betaelt op den 23-3-1593. v. Grinsven.",2-3-1592
12646445,"Jan Janssen en Cornelie Jan Wouters, echtelieden. Legaat van f 600,-- voor Catharina Aerts, verwant aan testateur, voor trouwe diensten. Verder blijft het testament van 05.08.1741 van kracht.",13.09.1759
12651969,"Aan de graaf en gravin van Welderen toestemming verleend tot de verkoop van enige goederen gelegen in het Land van Cuijk en toebehorende aan de innocente freule van Heumen.",18.12.1745
12669892,"Rekest van de kwartierschout van kwartier Maasland met de punten die besproken zullen worden op de ordinaris kwartiersvergadering op maandag 18 juni 1725","maandag 14 mei 1725"
12713533,"Hendricus Hermanus Torsinck en Sibilla Margaretha Repelius echtelieden, ook mede in naam van de andere erfgenamen van wijlen Sara Repelius verkopen bouwland genaamd ‘de Havercamp’ grenzend in het oosten aan ‘het Helbroek’, west de heide, zuid Philip Jans en Thijs Hendrix en noord ‘den Dries’ aan Ansem Huijbers weduwnaar van Petronella Hendrix.",1-8-1763
12728126,"De burger J.A. Hueber, inwoner van Ravenstein machtigt de burger Mr. Salomon Krul, ook in Ravenstein woonachtig om voor het Tribunal Civil opening en inzage te krijgen van het besloten codicil door hun ouders, Hermanus Weijenberg en Johanna Josepha Boeracker, binnen Ravenstein overleden, nagelaten. Verder vernietigen zij de volmacht van ongeveer drie maanden geleden op de burger Lanerhoven, advocaat te Keulen.",06-09-1798
12751677,"Johannes Francis de Loijer, wonende te Oss verkoopt aan de kinderen van Jacobus Jan Welten, wonende te Oss een stuk teulland in Somershof op Ussen, groot 3 vadsaden 2 roeden met een zijde de weduwe Antonij van Erp,andere zijde Johannes van der Heijde, een eind de weduwe Jacobus Jan Welten en het andere eind Piet Johannes van Orsouw.",10-3-1796
12768801,"Missive van dezelfde raad en rentmeester generaal der domeinen inhoudende dat haar Ed: Mo: via hun resolutie 1707 hebben geordonneerd aan de officieren, regenten en secretarissen van alle dorpen en plaatsen en heerlijkheden in de Meierij door hem als raad en rentmeester generaal der domeinen i.v.m. het overleveren van de borgemeestersrekeningen aan het kantoor der domeinen met de bijbehorende documenten [met details]","donderdag 3 maart 1729"
12770832,"4 st. artois voor het leggen van een pomp in de Vughterstraat",23.8.1623
12774406,"Pieter van Nievelt, majoor in het regiment Infanterie van luitenant generaal Onderwaater in huwelijk met Catharina Rappard weduwe van Cornelis Valentijn Schreuder geven te kennen dat door de weeskamer van Batavia diverse assignaties namens de Oostindische Compagnie aan de momboirkamer te Utrecht zijn overgemaakt ten behoeve van Cornelis Valentijn Schreuder ten bedrage van tienduizend achthonderd zesenzeventig guldens en drie stuivers, waarvan na aftrek van kosten een bedrag van tienduizend vijfhonderd eenenzestig gulden en zeven stuivers overbleef. Haar schoonzus Christina Bastiana Schreuder vrouw van predikant Jan Jacob Meijer  en haar zwager Jan Willem Schreuder, hier te lande, zien af van verdere aanspraken als wordt uitgekeerd de helft van het genoemde bedrag, te weten vijfduizend tweehonderd tachtig gulden, dertien stuivers en acht penningen.",18-12-1787
12851129,"Compareren Swaantje de Booij (handtekening), wonend Geffen en Jacob Quirijns (handtekening), secretaris Geffen, die verklaren op verzoek van Jan de Booij,  schepen Geffen, Swaantje heeft op zaterdag 26 februari smorgens om 11 uur gekomen in het huis van Hendrik Soetens vorster te Geffen om winkelwaren te kopen.  Soetens zei “haar broer Jan de Booij gaat  op onordentelijke wijze om met mijn vrouw, ten eijnde om die te vercragten” zei Soetens. Dat duurt al lang, de Vrouw van Geffen weet het al, evenzo de dominee, “ik zal niet langer swijgen”. Jacob Quirijns verklaart naar Soetens te zijn gegaan op verzoek van Swaantje. Die verklaarde dat de Booij zijn vrouw al vier jaar lang van tijd tot tijd op een onbehoorlijke wijze had aanbetast, zolang Soetens in dat huis woont. Toen de vrouw van Hendrik zwaar was van haar eerste kind Miek, heeft de Booij haar getracht aan te randen. Een andere keer was Soetens zelf van huis en wilde de Booij een glas bier van zijn vrouw, die het glas ging tappen in de kelder. Nadien trachte de Booij haar te verkrachten op de stoel. Zij was sterk en ontkwam hem. Op 19 februari j.l. gedroeg hij zich weer onbetamelijk.","9 maart 1763"
12865015,"Testament opgemaakt voor Willem Joosten Ploegmakers, oud ca 76 jaar. Hij benoemt tot zijn enige erfgenamen Jan Leenders van den Heuvel, Teunis Peter Smits en Render Jansen van Venrooij over zijn (on)roerende en meubilaire goederen.",03-10-1740
12888374,"Gerit Jan Antonis<ZR>de kinderen van Gerit van Duijsel<ZR>Petert Henricks van Eijndoven<ZR>Peter Henricks<ZR>meester Rochus Lemnius<ZR>Mattijs Jan Molengraefs<ZR>Henrick Henrick Peters uit Liempde<ZR>Geart Roijmans<ZR>Geraert Roijmans<ZR>meester Gerit Roijmans",1624-1625
12902020,"Compareert Adriaan Janse Versteeg, oud schepen, ziek te bed, en Erke Corstiaense van Gogh, egtelieden, vermaken alles voor langstlevende. Tekenen: Adriaan Janse Verstegen, merk Erke Corstiaens van Gogh, Abr. Van Linden, Jacobus Langens, Adriaan Wijgergans, Hendrik van Bakel, loco secr.","4 mei 1763"
12923249,"Peter Hendrix en zijn vrouw Mechel Aerdts verkopen aan Pauwel Derix en zijn vrouw Elisabeth Jordens een stuk land, oost en zuid de verkopers, west de gemene straat en noord de weduwe van laatst Thijs Peters, groot 30 roeden en gelegen aan de Kerkhoek onder Wanroij. Voor de som van f. 100,-.",11-2-1745
12926607,"huys hofferve ende 9 lop. lants en 4 lop. lants., een mander rogs ten Bosch te leveren aen Goeert die Becker, eenen sester rogs aen den heyligeest van Schyndel, 330 st. aen Hugo van Berckel, 21 pont payments aen den kynderen Hanricx van den Hovel, 4 pont payments aen den Capellen op die Dungen, 3 ½ payments aen Corstiaen Nastelmeker ten Bosch, 5 maart 1565 testes Hugo van Berckel ende Zebert Janss.",1564-1566
12937264,"Bossche schepenbrief dd. 9 november 1553, Roeloff Hanricxss. die myd man van Meriken dochter van Jan Dorck Goris, de ½ van een rente van 6 gl., verkoop, Willem Willemss. gemeynlick genaemt die Scriver, 4 oktober 1571, Hugo van Berckel, Lauwreyns Michielss., Zebert Janss., Jan soen wilner Gerit Naets, eertyts in cope vercreneg tegen Jasper Peter Artss. een rente van 35 st., ut huys hoff ende hofstad in die Laristraet, Jan die Keteler, Alit wedue Willem Janss., Jan Naets, Jan Rut Bernerts",1568-1573
12948586,"Gelofte voor Anthonis zoen Geerit Bouwens.<ZR>Peter, Anthonis ende Herman gebroederen zonen van wijlen Geerit zone Geerit Bouwens verweckt bij Beelken zijnder wittigher huijsvrouwe was, hen sterck maeckende voor Aerden hennen wittighen broeder absent, hebben eene erffelijcke rente van 16 carolus gulden 12½ stuivers jaerlijcx als Andries Corneliss alle jare erffelijck inden hoochtijde van St jacob des appostels aende voors Beelken ende hen vercooperen heeft belooft te betaelene van ende wt een stuck saijlants met een weijveldeken daer teijnden aen liggende, tsamen groot omtrent 12 loopense lants in Berlicum ter plaetsen genaempt Middelroij omtrent den rietwiel, belendingen: Andries Corneliss voors; Willem Janss Ververdonck; Peter Wouterss van Hannen; den gemeijnen molenwech aldaer; noch van ende wt alle zijne goederen die hem aengecomen zijn van wegen Heijlkenen zijnder huijsvrouw liggende sommich beneffens het voors stuck lants ende voorts daeromtrent (schepenbrief Berlicum d.d. 19-6-1587); overgegeven aan Geeritden zone Geerit Bouwens hennen wittighen broeder.<ZR>Actum et testes ut supra (Scabini Peter Diericxss ende Martten Janss Ververdonck).<ZR>[in marge:] nota<ZR>van dese 16 gulden 12½ jaerlijcx heeft Geerit getransporteert 7 gulden jaerlijcx aen Peter zijnen broeder ende noch 7 gulden jaerlijcx aen Aert Henricxss van Bocxstel; alzoe dat hem inde selve rente noch toe behoort 2 gulden 12½ stuijver jaerlijcx, welcke voirs 2 gulden 12½ stuijver getrocken ende inne gerekent zijnde bij zekere jaerlicxen pacht van een malder roggen ende 2 sester boeckweijts die Andries Corneliss den voors Gerarden Geerarts Boudewijns is geldende bij consent des voors Gerarts is gereduceert tot 2 gulden 12½ stuijver doot ende te nijet ut patet infra in alio contractu.<ZR>Gelofte voor Geerit Geerit Bouwens.","19-5-1595; 23-11-1595"
13102403,"Lambertus Thomas van den Boogaert heeft als bloedverwant van Maria en Elisabeth Tomas van den Boogaert en erfgenamen van Thomas van den Boogaert en Elisabeth Schenkels vernaderd een zekere verkoop van land in de Bosstraet over de molen, genaamd de Bolken. Koper was Francis van der Linden.",29-08-1746
13115182,"Borgbrief voor het kind van Pieternel van der Velden in huwelijk verwekt bij Hermen van Lith, genoemd Johanna van Lith, is te Geffen geboren, verhuisd naar Rosmalen.","16 november 1772"
13121975,"Inventaris van enige goederen en kleren die Jan van Diefholt korporaal onder de heer landdrost, verklaart te hebben gevonden ten huize van Dierck Brants, waar juffrouwe N. van Waveren en N. van Waveren haar zoon logeren, welke goederen in beslag zijn genomen door Jan van Diefholt wegens een bepaalde verwonding bij deze van Diefholt veroorzaakt. Eerstens een pak kleren, zijnde een broek, wambas en innocent. In deze broek een gedrukt boekje gevonden beginnend met: Der wellustigheit ontdeckende, de valsche practijken ende lose listigheden der hedendaeghse courtesanen oft lichtvaerdige hofpoppen ende andere snode hoeren etc. en in het genoemde boekje nog een beeldken. Nog een mes in een koker, een kam, een sleutel, een briefje waarvan het opschrift luidt Aan juffrouwe Annemaria van Duisel tot Boxtel, een dubbele stuiver aan geld, een busje met enige zalf, nog een klein verguld rappierken met een draagband, nog een paar schoenen gestoffeerd met linten, nog twee strikken om aan de benen te binden, een pak zwarte pluimen, nog een paar handschoenen met strikken of linten, nog een zwarte hoed gevonden aan het huis van de secretaris ten tijde toen de korporaal werd verwond. Aldus gedaen en geinventariseerd ten huize van Van Diefholt op 13 december 1662 in aanwezigheid van Jan Erven en Govert van Duijsel, schepenen. (Dit bezit is door de korporaal aan deze schepenen overhandigd.<ZR>Actum en getuigen als voor.)",13-12-1662
13131577,"Hendrik van den Akker en Geertruij Jansen echtelieden hebben verkocht aan Hendrik van Mil en Hendrina van Haren echtelieden een campke Uiterwaard, genaamd het Startjen, groot ongeveer vijf hond onder Neerloon, grenzend oost de Maas, west de Dijk, zuid de gemeente Neerloon en noord Frans Kilsdonk.",28-02-1787
13191996,"Nicolaes zoon wijlen Andries Jacops belooft op onderpand van zijn persoon en bezit om aan Jacop Jan Pauwels als H. Geestmeester die per a.s. St. Bavodag 5 gulden te betalen. Nog 5 gulden per a.s. Kerstmis. Verder nog 9 gulden te betalen per a.s. St. Jansdag. Actum als voor.",11-08-1572
13237519,"Missive van rentmeester de Kempenaar op een rekest van de gezamenlijke kinderen en erfgenamen van wijlen Pero de Cassemajor, in zijn leven drossaard der heerlijkheden Deurne en Liessel, inhoudende dat in 1738 van ’s landswege enige hoeven en landerijen zijn verkocht waarvan hun vader koper is geworden o.a. van een hoeve onder Vlierden ter plaatse aan het kerkhof en dat voor een som van 1000 gl., doch welke ingevolge de koopcondities moest gerekend worden in een eeuwige erfpacht tegen 4% bedragende dus 40 gl. per jaar en terwijl de supplianten wel genegen zouden zijn om de goederen door hun vader nagelaten, onder hen te verdelen of te verkopen, verzoekende dat haar Ed: Mo: gelieven te permitteren van de voorschreven erfpacht van 40 gl. jaarlijks te mogen lossen of kwijten met de voorschreven kapitale som van 1000 gl. , welk rekest wordt doorgestuurd naar de thesaurier generaal De la Bassecour ter examinatie en daarover te rapporteren - zie ook folio 1193 verso","maandag 22 november 1745"
13248281,"Claes en Gerit wettige kinderen van wijlen Henrick van der Hoeven verkopen aan Willem Janssen (van de Braken) een akker genoemd de Putakker gelegen aan de Roent, belendend het erf van de koper behalve aan het einde aan de gemeijnte van Kempen. De verkoper belooft alle lasten van zijn kant af te handelen. Getuigen Willem Laureijs en Dirck de Visser, datum 20 september anno 1498 (attentie jaartal).",20-09-1498
13275248,"Akte van indemniteit voor Hendrik Cornelis Strik, die voornemens is in het huwelijk te treden en zich wil vestigen te Buul (Budel) of elders.",11-7-1774
13324439,"Jan Peter Reynderss., vernadering, eenen camp groeslants opten Bodem van Elde, Sijmon Jan Willems in coope vercregen tegen Barbara naegelaeten wedue Willem Willemss. Scrijver, 27 februari 1595, testes Bogert junior ende Elias Peterss.",1595-1597
13346640,"Joannes Arnoldus Brodde en Antonet van der Borgt echtelieden wonende te Uden, bekennen 900 gulden schuldig te zijn aan mevrouw van Bree, wonende te Uden. Borgen Gerard van der Burgt en Huijbert van den Else.",01-02-1786
13352477,"Genoemde Steven belooft aan Jan en Matheeus (Goens) die per a.s. Maria Lichtmisdag over een jaar de som van 14 en een halve rijnsgulden te betalen, elke gulden van 20 stuivers.",00-00-1473
13451187,"Jans van Mijerloo<ZR>Loijch Scalcken<ZR>meester Willem van Veen (Onroij)",1581-1590
13476123,"Geerit Jacobs van Ameijden<ZR>Goijaert van Duijsel<ZR>H. Huijgens, schepen 1680<ZR>Antonij Jacobs de Lavignij<ZR>Dominicus Schenckels<ZR>Peter van Soemeren, schepen<ZR>Jan van de Sande, schepen 1680",1669-1671
13528052,"De gemeente Schaijk verkoopt openbaar percelen grond in de Straat achter Logteborg. Hendricus van Duuren koopt voor 63 gulden een hoek grond naast de pastoor met als borgen Peter Hoeks en Marten Verbruggen. Peter van den Bergh koopt voor 57 gulden een perceel, een zijde het vorige perceel, andere zijde de straat, met als borgen Lambert en Cornelis Wellens. Hendt Jan Derks Verhoeven koopt voor 46 gulden een perceel naast Louvrens H. Jansen met als borgen Willem Lambers en Doris Adriaan Hermans. Hendt Jan Derks Verhoeven koopt voor 36 gulden een perceel naast het vorige met borgen als voor. Hendrik Derks van der Heijden koopt voor 86 gulden een perceel naast Hermanus Dekkers met als borgen Louvrens H. Jansen en Hendt Jan Derks Verhooven. Hendrik Derks van der Heijden koopt voor 90 gulden een perceel achter het vorige met borgen als voor. Peter Hoeks koopt voor 87,50 gulden een perceel achter het vorige met als borgen Doris Cobusen en Doris Adriaan Hermans. Doris Adriaan Hermans koopt voor 88 gulden een perceel achter het vorige met als borgen Peter Hoeks en Willem Lambers. Hij moet Johannes van Dinter overpad verlenen. Doris Adriaan Hermans koopt voor 89 gulden een perceel achter het vorige met borgen als voor. Willem Jan Lambers koopt voor 74 gulden een perceel achter het vorige met als borgen Hendt Jan Derks Verhooven en Doris Adriaan Hermans. Hendt Jan Derks Verhoeven koopt voor 64 gulden een perceel achter het vorige met borgen als voor. Joannus van de Kamp koopt voor 57 gulden een perceel achter het vorige met als borgen Doris Cobusen en Louvrens H. Jansen. Derk van Wanroij koopt voor 57 gulden een perceel achter het vorige met als borgen Willem Lambers en Hendt Jan Derks. Johannes Hendrik van Dueren koopt voor 46 gulden een perceel tegenover de H. Pastoors bos met als borgen Doris Cobusen en Peter Hoeks. De sloot van dit perceel mag niet worden doorgegraven aan de kant naast het pastoorsbos. De pastoor heeft recht van overpad.",16-02-1796
13552976,"Dirrick Janssen van Axel <ZR>Jacob van Casteren, drossaard<ZR>Hendrick van den Croes als man van Cornelia<ZR>Govert van Duijsel<ZR>Govert van Duijsel, schepen<ZR>Francis Goossens, H. Geestmeester Boxtel<ZR>Cornelia dochter van Willems van Haaren<ZR>Aert, minderjarig kind van Anthonij Bertels van Houtum verwekt bij diens vrouw Jenneken<ZR>Corstiaen van Houtum als voogd <ZR>A. Huijgens, secretaris<ZR>Jenneken Schalcks, vrouw van",1683-1686
13569492,"Evert Arts<ZR>Boijen (hierna Boijken genoemd) Goessen Boijens<ZR>Geerling Damen<ZR>Jan Deenen<ZR>Dirck Arien Dircks<ZR>Boijken Goessens<ZR>Aleit Peter Henricks en haar kinderen<ZR>Ariaen Henricks<ZR>de erfgenamen van Jacop Henricks<ZR>Peter Joerdens, schepen<ZR>Ariaen Jacob Kettelers<ZR>Jan Willem Lamberts als man van Emken<ZR>Henrick Geraert van Oijendonck<ZR>Goijart Pauwels<ZR>Willem Pauwels<ZR>Emken dochter van Anthonis Henricks (Peters)<ZR>Henrick Anthonis Henrick Peters<ZR>Willem (=Willem Willems), schepen <ZR>Michiel Zeberts (vernadering)",1542-1557
13598872,"Claas van Hooren en Johannes Geurts, beiden wonende te Oss bekennen 85 gulden schuldig te zijn aan G. van Bronkhorst, predikant van Heeswijk en Dinther.",15-3-1781
13609707,"Andries Corsten van Aelst<ZR>Ariaen Teunis<ZR>Jan Gerrits van de Meer<ZR>de kinderen van Rut zoon van Jan Rut Robben<ZR>de weduwe van P.van Teurnhout in Den Bosch",1689-1699
13631729,"Peter Hermens en Jenneke Jan van Roosmalen bekennen 300 gulden schuldig te zijn aan Johan van Ravestein en Cornelia van Buren. Onderpand is de helft in hun huis en hof gelegen te Herpen, naast Jan van der Wielen aan de gemene straat. Borg is Drisijn Driessen, weduwe van Jan van Roosmalen. Zij geeft de wederhelft van het gemelde huis in onderpand.",14-04-1711
13638226,"Missive van de raad en rentmeester generaal der domeinen van Brabant op een rekest van de regenten der vrije heerlijkheid van Oirschot in kwartier Kempenland te kennen gevende dat de supplianten gedurende 1749 genoodzaakt zijn geweest niet alleen hun heerbanen en wegen door het voortdurend vervoeren van oorlogsmunitie vervallen zijn en die wederom gerepareerd moest worden  en soms verbreed moesten worden en dat ze nieuwe dijken hebben moeten aanleggen wat behoorlijk wat kosten met zich mee heeft gebracht en dat dien ten gevolge particuliere erven geïncorporeerd moesten worden; voorts de onkosten van leveranties aan doormarcherende troepen in 1746, 1747 en 1748","maandag 22 december 1749"
13659559,"Wouter Aerts, smid te Eindhoven, had vrachten met kolen en ijzer geleverd voor enkele smeden te Boxtel, het transport was lastig gevallen door soldaten van de graaf<ZR>Jan Dirck Boudewijns<ZR>Jan Dirck Bouwens<ZR>Arien Janssen van de Bijchelaer oud ca .. jaar (niet ingevuld) en diens broer Niclaes, oud ca... (niet ingevuld), van beroep smeden te Liempde, verklaring over karren met kolen en ijzer benodigd voor hun smederij<ZR>Iken weduwe van Lenaert Janssen<ZR>Joost Joorden Janssen, oud ca. 33 jaar, van beroep smid te Liempde<ZR>Henrick Pauwels, schepen<ZR>Willem Peters, schepen (=Schutkens)",1625-1626
13663930,"Peter Thomas, loodgieter<ZR>Jan Dircks<ZR>Laurens Henrick Laurens Hessels. schepen<ZR>Henrick Jan Everts, schepen<ZR>Marten Huijberts, schepen",1622-1624
13669064,"Herman soon wylen Marten Hanricxs als man van Anne dochter wylen Hanricx Janssoon van Hoeck (dochter van Hanricken en wijlen zijn vrouw Elysabeth dochter wylen Aerts van Oeyen) heeft verkocht, opgedragen en overgegeven aan Jannen soone Hanricx van Hoeck en zijn broer Hanricken het 1/6 deel van de goederen nagelaten door Hanricx Janss van Hoeck en wijlen zijn vrouw Elysabeth, gelegen ‘binnen der prochien van Erpe ter stede geheyten op Keeldonck’.<ZR>Getuigen: als boven.","28-1-1557 (= 1558)"
13675102,"Jan Jan Rutten is te deel gevallen een erfpacht van 9 vaten rogge, Veghelse maat, die wordt betaald door de erfgenamen van Jan Surmonts uit 'eenen stuck lants genoemt Surmonts ecker.<ZR>Getuigen: als voor","25-01-1568 (= 1569)"
13702956,"Half schutblad. In de lengte doorgesneden, alleen de rechter helft is aanwezig. Deze helft pas niet aan voorgaande helft.<ZR>... epenen<ZR>... s r..rs vuytge..<ZR>... wordden ende verclaeren<ZR>... dat de v... gehouden... en sal wesen j...<ZR>... aen den behoorlyken<ZR>...n, ende daer en boven<ZR>... te betalen de voerscreven<ZR>... van 't versetten ende <ZR>... expenses h...<ZR>... costen van rechte ..<ZR>...s alsulcke ...eerdere<ZR>...e somme als ...<ZR>... r... sullen bevinden<ZR>...n<ZR>... ende op alle ...<ZR>... heure officie aen ...<ZR>... (sc)abinus requesitum<ZR>(met een fragment van een onderschrift in het Latijn)",[1585]
13712860,"De zes kinderen van wijlen Jan Lamers verwekt bij Henderske zijn vrouw, nu getrouwd met Jacob Brooik gaan over tot scheiding en deling van de goederen die hun moeder hen heeft gegeven. Lot 6 is de voorste helft van het land op de Sochelse heij, 3,5 hond hooiland te Berghem, genaamd de Stroijbeemde, schuldbekentenissen van 100 gulden van Hilleke Elsen, 50 gulden van Steven op de Hoeve, 50 gulden van Claes Arians, 50 gulden van Jan Arts, 500 gulden van de olijmeulen, 100 gulden van het voorste huis, 50 gulden van het huis, bewoond door Dries Corsten, nog 50 gulden van de olijmeulen. Dit lot betaalt de helft van de tiende en van de pacht te St.Oedenrode. Als de Stroijbeemde verloren gaat, dan betalen de andere loten 150 gulden aan dit lot. Moeder Henderske heeft dit lot genomen voor haar afwezige zoon Jacobus. Jan Jansen heeft met toestemming van zijn mombers de 2e keuze gehad en gekozen voor het tweede en derde lot die voorlopig ongedeeld zullen blijven.",28-11-1675
13727609,"Heer Laureyns Dierck Huecx, 'priester', en zijn broer Balthazaer, verklaren een accoord te hebben gesloten over hun kindsdelen dat zij erfden van hun vader Dierck Huerx, 'soe dat heer Laurens voorschreven syn ende Balthazaer syns broeders gedeelt sal besitten ende daer van de vruechten daer van jaerlyckx procederende genieten eenen tyt lanck van VII jaeren den enen den andere volgende, ingaende lichtmisse anno 1599 in welck 7 jaeren heer Laureyns allen de erffpachten sal betaelen die men daer vuyt gelt soude ende schaede van synen broeder. Ende de voorschreven tyt van 7 jaeren overstreken wesende, draecht heer Laureyns Balthazaer synen broeder op beyde henne kyntsgedeelten om die te gebruycken als syn eyghen goet'.<ZR>Getuigen: Joris Gerits en Peter Gysberts, schepenen",07-04-1600
13875381,"Joseph Tonij Roijackers gehuwd met Geertruij Lambert Dirx, wonend op de Beecksedonck verkoopt een perceel teelland, groot 1 loop te Erp aan Dieperskant, genaamd Over de Straat, beide zijden Hendrik Welten, een eind Alart Jan Peters, ander eind de gemeente; 2 stukken teelland, groot 1 ½ loop, genaamd de Buijs, beide zijden Hendrik Welten, een eind Alart Jan Peters, ander eind de gemeente. Koper is Lambert Jan Tielemans.",21-07-1730
13942817,"Deze akte is doorgestreept.<ZR>Lambert soone Lambert Jan Lamberts heeft verklaard 200 Carolus gulden schuldig te wezen aan Claes Gerit Goortssen.<ZR>Getuigen: Jan Jan Thonis en Wijllem Meussen, schepenen in Vechel<ZR>Bijschrift: 'dese boven geschreven gelooft is gedoot door consent van Claes Gerit Goortssen aen mij ondergeschreven bekent', actum: 18-07-1632. Ro. Gielissen, notaris",10-03-1628
13999785,"Anneken dochter van Peter Henrick Bogaerd, geassisteerd door haar man Anthonis Segers, heeft vernaarderd van Jan Arien Peterss het 1/4 deel van 'eenen hoijbemdt', genoemd den Sluijsbeemt, zoals Jan Arien Peters op 29-06-1635 heeft gekocht van voorschreven Peter<ZR>* e.z.: de gemeijne Aa aldaer vloeijende<ZR>* a.z.: den Sluijsdeck<ZR>* e.e.: den Viercanten bemdt<ZR>* a.e.: de gemeijne Aa aldaer vloijende<ZR>Getuigen: Gerit Arians, Gheryt Jans van Dyeperbeeck en Goort Aertssen van Rullen",29-06-1635
14040004,"Rekest van Abraham de Jongh secretaris der heerlijkheid Aalst in kwartier Kempenland die verlof vraagt om zijn domicilie te mogen houden buiten Aalst en hem dus te ontheffen van zijn fixum domicilium en op een vaste dag zich naar dat dorp te begeven om de affaires af te werken, welk rekest wordt doorgestuurd naar de thesaurier generaal voor nader onderzoek en advies","dinsdag 26 oktober 1751"
14224852,"Guillen de Steenwerper notaris, Hens Penninck wonende inde prochie van Ste. Peters binnen Doornick, vercocht, Hanrick Corsten synen neve, lant aent Wijbosch en lant de Schootsehoeve, Ardt Jan Artssen schout ende Wouter Penninck, actum te Doornick 11 mei 1609, te Doornick Arthus Bruijn schoenmaecker [45 jaren oud] ende Hans Brant coopman [25 jaren], Hans Penninck facteur van de coopmans ut Duijtslant residerende in dese stede",1605-1612
14236108,"Adriaan Francis Ondersteijn wonend te Schijndel<ZR>de weduwe van Lambert van Berkel<ZR>Gerrit den Otter<ZR>heer Johan Hoogewerff wonend in Den Bosch<ZR>Barent Veeneka, schepen<ZR>Adriaan Smulders, schepen<ZR>D.F. van Dompzelaar, secretaris",1763-1772
14284824,"Dirk Dielisse van Vessem wonend te St. Michielsgestel<ZR>Adriaan van Osch<ZR>Wilbord van de Leur (?)<ZR>Ruth Nicolaas Groenendaal<ZR>d weduwe van Bartel NScheffers<ZR>Adriaan Smulders<ZR>Dielis van den Dungen<ZR>Anneke Ruth van Vessem, wonend te St. Michielsgestel",1773-1780
14288185,"Frans Coeberchs en Derick Aerts Pruyt, schepenen te Beers oorkonden, dat Johan Guiliamme, scholtis te Geysteren als gemachtigde van vrouwe Elisabeth van Schaegen weduwe van (Vincent) Schellarts, in leven heer van Geysteren, enz., aan: Godefroij Paedsien, gewezen scholtis van het Nederambt van het land van Cuijk en Christiana e.l.; Franchois Paedsien en Catharina van Randenraet e.l. opgedragen heeft – ieder voor de helft – een rente van Fl. 120,-- zoals in de erfbrieven vermeld.",5-6-1630
14322034,"I. Elsevier,drossaard<ZR>L. van Mondfort, schepen<ZR>J. Wolters, schepen<ZR>S. Voltelen, secretaris<ZR>Marie Cornelis Heesters, weduwe van Jan, wonend te Nieuw Herlair, inventaris van bezit<ZR>wijlen Jan van Hees, eerder man van<ZR>Jacomijn, Jordien en Daniel, kinderen van wijlen Jan van Hees verwekt bij Marie",1733-1736
14670435,"meester Jan Louis Verster, drossaard<ZR>Adriaan Laurens Brox, schepen<ZR>Joannes Peijsel, schepen<ZR>Pieter Vissers, oud schepen voor Vught, aldaar wonend, verklaring over de door hem uitgevoerde schouw. Die liep van voor de brug vanaf huize Muijserick, verder lopend door de dreef van Muijserick zijnde toen een openbare weg, verder de straat door het dorp waar toen geen hekken waren aan het einde van de dreef, vervolgens door de kleine Dieze naar de gemeijnte. Volgt verdere beschrijving van de oude weg daar. <ZR>heer Onno Tamminga, baron du Tour, kolonel in het leger",1775-1779
15324366,"Willem soone wijlen Herman Claessen heeft een erfpacht van 9 carolus gulden alle jaer te betaelen op Sinte Marten van ende vuijt huijs, hoff ende erffenisse malcanderen aenliggende groot eenen halven mergen lants in Berghem aen het bercheijndt bijden schutsboom, belendingen: Jan Janss Mollen; de gemeijn broecksteghe; die gemeijn straet; vercocht aan Jannen Neelen timmerman. Belast met 12 gulden siaers aen verscheijden persoonen. Te lossen mette somme van 147 carolus gulden, opzegtermijn van een half jaar. <ZR>Actum 9-3-1621, testes Adriaen Henrick Seberts ende Gerit Jan Jacops, scabini in Oss.<ZR>[akte doorgehaald, in marge:] dese renthe geloft ende gequeten doir handen vanden voors Willem aenden voirs Jannen Neelen timmerman,d aeromme dese alhier geroijeert, quod attestor, J. van Berchen.",9-3-1621
15737384,"de erfgenamen van Cornelis en Jan van der Steen<ZR>de heer Arnoldus de Leeuw<ZR>de heer van Grave<ZR>Isaacq Elsevier, officier<ZR>Johannes Dircks van de Ven, schepen<ZR>Laurens van Montfort, schepen<ZR>S. Voltelen, secretaris",1730-1741
15749668,"Barent Veeneka, schepen<ZR>Adriaan Smulders, schepen<ZR>Thomas Janssen van der Heijden, wonend te Gemonde<ZR>Embert van de Langenberg, wonend te Gemonde<ZR>Joahnnes Gerrits van Kaathoven, wonend te Gemonde<ZR>Maria Sollemans, vrouw van Cornelis (van Kasteren), wonend te Gemonde<ZR>Cornelis van Kasteren, verklaring over hem dat hij sinds enkele weken niet geeheel bij zijn verstand was, hij loopt sinds 8 dagen met zijn hemd uit zijn broek rond langs wegen en elders en kan alleen met uiterst geweld worden tegengehouden. Hij had in de nacht eens  een brandend hout uit het vuur genomen en is daarmee het koren ingelopen en heeft zich verder als een gek mens gedragen.",1761-1768
15767827,"Michiel van der Meulen<ZR>Leendert Jonkers<ZR>Francijn van der Cammen<ZR>Willem van Esch<ZR>de weduwe van Willem Schellekens",1787-1792
15815123,"Jan Hendrick Jan Dirx, 'inwoonder tot Vechel', heeft verkocht, opgedragen en overgegeven aan zijn broer Dirck Hendrick Jan Dirx 'een half huijs met de halff scheur, hof, landt ende den halven bomgaert, met de poteryen ende de gerechticheden', groot ontrent 1 lopen, gelegen aent Sontvelt<ZR>* e.z.: het goed van Hendrick Henssen<ZR>* a.z.: Hendrick Jan Martens<ZR>* e.e.: Jacob Gijsbers<ZR>* a.e.: de gemeynte<ZR>Ook 'een stuck lants', groot 1 lopens, gelegen opt Sontvelt<ZR>* e.z.: Hendrick Hensen<ZR>* a.z.: Symon Blix tot Woensel<ZR>* e.e.: Adriaen Wouters<ZR>* a.e.: Jan Geraerts<ZR>Ook het 1/4 deel van 'een stuck lants', groot ontrent 1 lopen, 'met noch een weyerken, wesende oock het vierendeel', groot 1 lopen, gelegen aldaar<ZR>* e.z.: het goed van Hendrick Hensen<ZR>* a.z. en e.e.: mevrouwe van Jeckschodt<ZR>* a.e.: Everdt van Rosmalen<ZR>Het goed is belast met een cijns van 8 stuivers 'aent mevrouwe van Jeckschodt'.<ZR>Ook het 1/16 deel in Brantscamp, hooiende met Jan Geraerts Verheyden<ZR>* e.z.: het goed van Hendrick Henssen<ZR>* e.e.: Jacob Gijsselen<ZR>* a.e.: Elias Peters<ZR>Dit goed is belast met een cijns van 6 stuivers 'aen mevrouwe van Jeckschodt'.<ZR>Getuigen: Meeus Willems en Jan Aertsen van der Mee, schepenen",01-05-1673
15942105,"Aert Gerit Ceelen als man van Diercxken sijn huijsvrouwe naegelaeten weduwe Reijnder Lamberts, heeft de tochte haer competerende in een stuck lants 4 vaetsaet lants gelegen in Oss ter plaetschen genoemt int weijstervelt opten endepoel, belendingen: erffenisse des heijligen geest van Oss; erffenisse der pastorie van Oss; Dierck Goossens; t waterlaet; item noch in eenen halven mergen lants gelegen in Oss ter plaetschen genoemt op meeckelendonck, belendingen: Thonis Henricxss; de hoijgraeff; de stege; overgegeven aan Diercken soone Adriaen Aertss als man van Iken dochtere Reijnder Lamberts sijn huijsvrouwe.<ZR>Actum 5-2-1643, testes Johan van Oss ende Dierck Goossens van Luecken, scabini in Oss.<ZR>Dierck soone Adriaen Aertss als man van Iken dochtere Reijnder Lamberts heeft een stuck lants 4 vaetsaet gelegen in Oss ter plaetschen genoemt int weijstervelt opten endepoel, belendingen: erffenisse des heijligen geest van Oss; erffenisse der pastorie van Oss; Dierck Goossens; twaterlaet aldaer; gelijck hem van sijne huijsvrouwe wegen aengecomen is ende daervan op heden de tochte hem gecedeert is; vercocht aan Remmet Janss.<ZR>Actum et testes ut supra.<ZR>Die voirs vercoopere inder qualiteijt voiors heeft eenen halven mergen lants gelegen in Oss ter plaetschen genoemt op meeckelendonck, belendingen: Thonis Henricxss; den hoijgraeff; de stege; gelijck hem van sijne huijsvrouwe wegen aengecomen is ende daervan op heden de tochte hem gecedeert is; vercocht aan Remmet Janss. Actum et testes ut supra.",5-2-1643
16015289,"Catharina, gravin van Welderen, weduwe van heer Philip (de Schmeling), wil een gift tijdens haar leven doen, betreft leenbezit onder leenhof van Oud-Herlair zijnde een deel van kasteel Nieuw Herlair, samen anderhalf lopenzaad (waarde 3800 gulden)<ZR>wijlen heer Philip Willem, baron de Schmeling, eerder man van Catharina (van Welderen)<ZR>freule Geneveva Maria, gravin van Welderen, nicht van Catharina<ZR>de weduwe van Josephus Endevoets",1788-1805
16017300,"H. de Kempenaar, schepen Den Bosch 1756<ZR>P.J. Franken, schepen Den Bosch 1756<ZR>Frans van Heurn, secretaris Den Bosch 1756<ZR>heer Isaacq Bopp, procureur in de stad Den Bosch<ZR>Geerit Hermse den Beever<ZR>Hendrik de Beever<ZR>Hendrik Peeter van der Kammen<ZR>Antonij Meulenbroek",1754-1793
16034617,"Alsoo bij seeckere testamentaire dispositie vander dato 25-4-1636 bij Gerhardt Hermens ende Beelken sijne huijsfrouwe ende uijt crachte der machte de voors Beelken als langstlevende bij den testamente van Aert Jan Aertss haren voorman gegeven; is gelegateert aen Hermen Gerrits ende sijne sustere, sonder wettige kijnderen achter te laeten deser werelt overleden zijnde, eenen hoff lants gelegen in Oss ter plaetse genoemt op schaduwijck aen t’wevereijnde, belendingen: Rob Jacobs; Wellen Lambers; item noch een stuck lants in Oss op schaduwijck achter de landtweer, belendingen: Cornelis Henrix van Osch; Wouter Lenerts; ten erffelicken rechte; soe hebben den eersamen Gerlingh Thoenis Reijnders woonende in Geffen als man van Thoenisken dochtere van wijlen Jan Goerts van Nuenen vanden selven ende Thoenisken dochtere Aert Jan Aerts voors ende Beelken sijne huijsfrouwe wettelicken verweckt ter eenre ende Hermen soone Gerrit Hermens ter andere zijde inwoondende naebuer van Oss, pretenderende die voirs Gerlingh Thoenissen indier qualiteijt eenige invaliditeijt over die machts bij die voirs Aert Jan Aerts aende selve Beelken bij testamente gegeven; ende om alle questien te verhoeden soo sijn die voors partijen door tussen spreecken van goede mannen veraccordeert: inne den eersten dat die voirs Gerlingh voer alle sijne voers pretensien sall prouffiteeren ende ten erffelicken recht blijven behouden vande voors Hermen Gerrits met will ende consent van Gerrit Hermens sijnen vader eenen seeckeren acker teulants groot wesende omtrent 4 vaetset lants gelegen in Oss ter plaetse genoemt aenden meulenpadt, belendingen: Claes Aert Rutten; Jan Claes met den sijnen; de voors meulenpadt; Lambert Claessen; ende daerenboven sall die voirs Hermen Gerrits betalen aende voors Gerlingh Thoenissen de somma van 235 carolus gulden in twee termijnen; item sall die voirs Gerlingh Thoenis prouffiteeren ende ten erffelicken recht blijven behouden eene rente van 39 st. jaerlicx op dese vrijheijt staende;",4-12-1653
16051903,"Jan en Andries broer skinderen van Roef Jan Adriaens verwekt bij Hendricxken dochter van Goijart Dirck Horcx, Adriaen Jacop Dircx, Pauwels Janssen man van Marijken dochter van Roef Janssen & Hendricxken, Jan Jacop van Boxtel man van Marijken , Dirck Boudewijns man van Willemken beiden dochters van Roef & Hendricxken, Fijken dochter van Willem Janssen weduwe van wijlen Adriaen Roeffen, testament te Gemonde dd. 7 mei 1634, met een scheiding en deling, na de dood van wijlen Goijart Dircx hun grootvader, land in meerdere percelen in de Broeckstraet, met last aan Niclaes Nijhof als rentmeester, aan de H.Geest te ’s-Hertogenbosch",27.4.1641
16077732,"Cathlijn, dochter van Goijaert Wouters nagelaten weduwe van Handrick Gijsbert Handrickx te Schijndel machtigt Jan Arien Smits om namens haar te compareren voor de schepenen van ’s-Hertogenbosch t.b.v. Jan haar wettige zoon i.v.m. haar afstand doen van haar tochtrecht in ¼ deel van de goederen, die zij bezit en ook van ¼ in erfgoederen gelegen te Schijndel. Getuigen te Schijndel: Adam Aert Willemssen uit Gemonde en Jacob Arien Smidts.",8-5-1659
16081454,"Mari (van Emmerik), zuster van de overledene<ZR>Mattijs van Hal, schepen Liempde 1712<ZR>Gijsbert Hessels, schepen Liempde 1712",1710-1720
16195710,"Engeltien, vrouw van Cornelis Ansriessen verklaart 'dat voor eenige dagen Anneken, weduwe wijlen Adriaen Verputten met haar deponent pratende over den brant die den 10 december aan haer huijs was geweest gemelte Anneken Verputten tegen haar verklaerden dat aan haer huijsinge noijt meerder brant geweest was, als alleen bij het leven van Ariaen Verputten, haren man, bij voorval dat se backten en vlas op den oven hadden geleijt om te drogen, hetgeen door de hitte van den oven was aangegaan.'<ZR>Getuigen: Geraert Vermeulen, schepen, en H. Bijmans, substituut-secretaris",23-01-1700
16197697,"Gelofte van 200 gl. van Rut Ariens van Heeswijck voor Gijsbert jan Smits",1684-1688
16199683,"Opdracht van Jan Matijs Jans aan Gijsbert Bartel Pijnappels",1714-1720
16213823,"Hendrick, Jan de Oude, Jan de Jonge broers en Jenneken Margriet en Engelken zussen kinderen van wijlen Pauwels Hendrick Dircx verwekt bij Marijken dochter van Jan Peeters, Evert zoon van Aerdt Everts en Jan Jans Hugo van Berckel momboiren van Emont minderjarige zoon van wijlen Pauwels Henricx & Marijken, Tholof Jan Rovers vorster te Schijndel, met scheiding en deling met o.a. huis hof boomgaard en erf onder tWijbosch, met last aan Pauwels Wijnants, land onder Sint Oedenrode onder Eerde bij het erf van het Heer Adamsgasthuijs binnen Den Bosch, cijns aan de Heer van Helmont, aan Henrick Henrick Peeters opte Dungen, land onder Eerde int Loo, land in de Hulssebraecke, land ter plaatse, idem land ter plaatse, met eem memorie",27.1.1650
16917421,"Hermen vander Geest en Jan Veler schepenen tot Cuijk oorkonden dat Roeloff Janss en Leen e.l. hebben gevest Luijtge Derix dochter  1 philipusgulden jaarlijks te betalen op de Heilige Kerstavond, uit alle alzulke erf en goed als Roeloff en Leen voorschreven onder het gericht liggen hebben, niets uitgezonderd. Te lossen met 16 philipusguldens",24-12-1563
17006268,"Goijert van de Ven, H. Geestmeester Liempde 1739<ZR>Annemarie Peters van de Laar, is geboortig van Liempde, getrouwd met Bartholomeus (Roeters), wonend te Boxtel. Krijgt borgbrief voor haarzelf en de helft van haar kinderen voor Boxtel<ZR>Bartholomeus Joost Roeters, geboortig van Boxtel en daar wonend, man van Annemarie (van de Laar)",1731-1740
17008221,"Geert Heijns, diens bezit wordt in beslag genomen vanwege achterstallige betaling<ZR>Dirck Hendreik Schutjes, diens bezit wordt in beslag genomen vanwege achterstallige betaling<ZR>Adriaan Kiewits, diens bezit wordt in beslag genomen vanwege achterstallige betaling<ZR>Jacobus de Leijer, diens bezit wordt in beslag genomen vanwege achterstallige betaling<ZR>Nicolaas van de Ven, diens bezit wordt in beslag genomen vanwege achterstallige betaling<ZR>de weduwe van Adriaan Jan Goossens, haar bezit wordt in beslag genomen vanwege achterstallige betaling<ZR>Jenneken Hendrick Merx te Best, haar bezit wordt in beslag genomen vanwege achterstallige betaling<ZR>Johannes van den Bors, diens haar bezit wordt in beslag genomen vanwege achterstallige betaling<ZR>G.H. van Nouhuijs, stadhouder Liempde 1773<ZR>W. Ente, vorster Liempde 1773<ZR>Fr. van Eijndhoven, schepen Liempde 1773  <ZR>Hendrick van den Biggelaar, schepen Liempde 1773<ZR>J. Oudemans, secretaris Liempde 1773",1758-1774
17125652,"Taxatie van goederen nagelaten door Geurt Hendrick Geurts gedevolveerd op zijn vrienden: een half verndeel en ¼ part van een verndeel hooiland te Linden 3.15.0.",25-5-1684
17309349,"Ancem Jansse van den Biegelaer, inwoner Erp verkoopt een nieuw veld te Erp aan de Bolst, genaamd het Eersel, enerzijds Jan van Oevere, een eind Francis Teunis van den Bosch, voorts de gemeente. Aangekomen bij deling van kant van zijn vrouw. Koper is Benjamin de Jong, secr. Erp.",20-10-1769
17338695,"Adriaan Joost Mulders<ZR>Peeter Handrik Schoenmakers, inwoner Liempde, koper van een perceel<ZR>W.C. van Heemskerk, ontvanger 40ste penning 1764<ZR>Dirck Wouters van Mensfoort<ZR>Peter Handschoenmakers<ZR>Jan van Santen<ZR>Dirck van Duuren<ZR>Wouter van Exel<ZR>Martinus van Dijck<ZR>Andries van de Sande<ZR>Marie Herbertus Schutties<ZR>merkteken van Marie van Hal<ZR>merkteken van Hendrien van Empel<ZR>merkteken van Marie Pes<ZR>merkteken van Wouter de Bresser<ZR>merkteken van Mighiel van Stiphout<ZR>merkteken van Hendrick van Weert<ZR>merkteken van Cornelis Blankers<ZR>merkteken van Johannes van Laarhoven<ZR>merkteken van Cornelis Schellekens<ZR>Andries van de Laer, schepen Liempde 1764<ZR>Nicolaes Teulings, schepen Liempde 1764<ZR>J. Oudemans, secretaris Liempde 1764",1764-1776
17372684,"Mr. Mathijs Janssen Smits vorster en Wijeburch vrouw van Gooijart Jaspers president te Schijndel met verklaring ten behoeve van Niclaes Peters van Grinsven secretaris allereerst over zekere Lambert geautoriseerd ijkmeester op 11 februari zijnde vastenavond “hem attestant als vorster der voorschreven heerlijckheijt bij openbare uijtroepingen ten behoorlijcke tijde ende plaetse daer men die sondaechse geboden is doende heeft doen uijtroepen dat iegelijck van Schijndel hunne kannen maeten ende gewichten soude brengen op maendach daaraen volgende, wesende een twelffden der selver maendt ten huijse van Goijaert Jaspers president van Schijndel vornoemt om hunne kannen maeten en gewichten te laeten ijcken ende pegelen volgens dordonantie van hare Ho. Mo. Dwelck die voorschreven Mr. Mathijs verclaerdt als vorster alsoo ten aenhoiren van de gemeijnte van Schijndel te behoirlijcken tijden en plaetse te hebben uijtgeroepen ende gepubliceert – die voorschreven Wijeburch verclaerdt dat een voorgenoemde Lambert eijckmeester op maendach den geprecigeerde dach tot hare huijse als sijnde de plaetse de voorschreven uijtroepingen gedesigneert niet en is gecomen maer verclaerdt dat den broeder vanden eijckmeester op maendach omme den midach tot haren huijse is gecomen, seggende sijnen broeder den eijckmeester met sijne gereedschap te verwachten ende niet te weten wat daer mocht faelgeeren/saelgeren/faeljeren (= missen, gebreken) dat sijnen broer den eijckmeester niet en quam, die nochtans dijendach niet en is gecomen, oock niet gecompareert voor dijnsdachs omtrent den middach doen hij sijn gereedschap heeft medegebrocht -. Getuigen: Dirck Jan Bevers en Arien Aertss.",8-3-1652
17375121,"Adriaen zoon van Handrick Jan Peeters en Catharina zijn vrouw dochter van Dirck Lambert Wouters , Jan Goossen Jan Willems man van Beatricx, Jacob Eijmbert Voets man van Marijken, beiden dochters van Handrick & Catarina, Huijgo Eijmberts van Berckel en Jan Lambert Dircx momboiren van Marijken  Heesken en Jenneken minderjarige kinderen van Jan zoon van Handrick Jan Peeters en Catarina vs., Peeter Jans Verhoeven en Jan Lambert Dircx momboiren van Handrick en Catarina minderjarige kinderen van wijlen Gerit zoon van Handrick & Catarina, Handrick Handrick Cuijlers den Jonge en Jan Lambert Dircx mombiren over Jan Dirck Catarina en Maryken minderjarige kinderen van wijlen Willem zoon van Handrick Jans & Catarina, Peeter van Griensven gemachtigd door Jonker Jacob Aelbert Proeningh van Deventer stadhouder te Schijndel, met scheiding en deling van goederen na het overlijden van Handrick en Catarina met o.a. huis esthuijs hof boomgaard en land onder tLutteleijnde aen de Heije, met last aan het St.Eloijsgasthuis binnen ’s-Hertogenbosch, 9 opgaande eikenbomen, schuur en landerijen ter plaatse, met in de marge een notitie dd. 11 maart 1662, land onder tLutteleijnde, met last aan de Vicarie van Schijndel tbv de Heren Doctoren van Leuven [er staat Loven], land onder Delschot in de Bemde, hooiland in de Liekendonck, die Vier Mergen of Eijckencamp, cijns aan de Heer van Boxtel, aan de kinderen N. van der Dussen te ’s-Hertogenbsoch, land onder Wijbosch, esthuis met land ter plaatse met een memorie mbt de hopkuilen",22.12.1660
17398400,"Albertus Wijnaendts (Aelbert Wijnants), inwonende borger en koopman in wijnen en gedistilleerde wateren (wijnkoper) binnen ’s-Hertogenbosch, eiser, contra Reijnier Eijsvogels, wonende binnen de stad en vrijheid Oss, gedaagde.",24-11-1756
17468675,"Francis Jochems de Leeuw en diens vrouw Johanna Hendericx van de Weijer, testament op de langstlevende, hebben momenteel een minderjarig kind<ZR>Hendrick van de Weijer, bij testament benoemde voogd over het minderjarige kind of nog te verwekken kinderen<ZR>Johannis Marijnen, bij testament benoemde voogd over minderjarige kind<ZR>meester Martinus vn Zon, notarisgetuige Boxtel 1735<ZR>Jan Peters van de Ven, notarisgetuige Boxtel 1735","18 november 1735"
18320667,"Rekest van schepenen en regenten van de grondheerlijkheid Heeze en Leende in kwartier Peelland en ook die van het dorp Mierlo inhoudende dat op 3 en 4 januari jl. in die dorpen zijn komen marcheren twee regimenten Brandenburgse ruiters die zonder hun patenten te tonen aan de regenten die bestuurders te dwingen hen te laten logeren  nl. in Heeze en Leende 170 paarden, 72 manspersonen en 13 vrouwen met 8 kinderen en dat de eerste supplianten de volgende dag hadden moeten leveren 41 paarden voor de karrendiensten waarvan de meeste drie of vier dagen aan het werk zijn geweest waarvan de onkosten zijn opgelopen tot 1006 gl. 2 st. en op 4 januari zijn die regimenten naar Mierlo gemarcheerd waar het ging om 579 man te voet en 381 paarden en voor transport en karrendienst had men te Mierlo 54 paarden moeten leveren voor drie dagen waarvan de onkosten bedroegen 1200 gl. 10 st. en van de inkwartiering 2018-12-0; een kopie gaat naar de Haagse heren belast met de Meierijse zaken.- zie ook folio 257, 790 twee tekstkolommen","vrijdag 19 februari 1694"
19006759,"Peter Willemsen van Vorstenbosch, inwoner Den Bosch, verhuur van diens huis in Den Bosch genoemd *den Baselaarshof* staande nabij de St. Jacobskerk. Er is een duivenzolder die blijft bestemd voor de verhuurder, een boomgaard waaruit jaalijks 100 okkernoten en 100 suikerperen aan de verhuurder moeten worden gegeven. <ZR>monsieur Hendrickus Cuijpers, inwoner en koopman Den Bosch, huurder van een huis in Den Bosch genoemd *den Baselaarshof* staande nabij de St. Jacobskerk<ZR>monsieur Gerardus van Zutphen, opziener van de stadswerken Den Bosch<ZR>Lambert van de Ven, huidige bewoner van van diens huis in Den Bosch genoemd *den Baselaarshof* staande nabij de St. Jacobskerk<ZR>Wandert Paesschen, oom van de huurder, borg<ZR>Niclaas van Blotenburg, procureur voor de stad Den Bosch<ZR>Wouter de Rooije, procureur voor de stad Den Bosch<ZR>meester Henreick van Ooijen, meester-kleermaker en notarisgetuige Den Bosch 1699<ZR>Geraerdt Castelijns,inwoner en notarisgetuige Den Bosch 1699","actum Den Bosch 10 november 1699"
19017751,"Antoin Martin en zijn vrouw Margriet Homelaers, alsmede Jan Maes en zijn vrouw Alegonda Martin, wonende te Ravenstein, bekennen 150 gulden schuldig te zijn, aan hun afwezige zwager Gerardus Martin. Dit bedrag komt uit de erfenis die Gerard van zijn overleden moeder heeft gekregen.",15-10-1784
19041154,"Derick Zell en Gherijt Robberts chepenen tuigen dat Joest Bungelers en Hylleke e.l. hebben gevest Floris van Boickholts en joffer Margryet van Varick e.l. een schepenbrief met 4 transfixen doorgesteken, inhaldende het vierde deelvan een camp land genaamd de Camercamp.",27-3-1555
19079458,"Agneeske Raaijmakers eertijds weduwe van Adriaan Giele Gloudemans en laatst weduwe van Jan van der Zanden, wonende te Rosmalen verkoopt aan haar twee kinderen Bertus en Jacomijntje bij wijlen Adriaan Giele Gloudemans vruchtgebruik in onverdeeld derde part in huis, schuur, hof en binnenveld aan de Heijlharen, een zijde Bartel Rovers, andere zijde Johannes Donkers, een eind den Donkeren Dijk, ander eind de gemene straat en derde part van twee stukken teulland.",2-6-1790
19166912,"Gijsbert Hermen Gubbels, jongman wonende te Huisseling, ziek op bed liggend, maakt zijn testament. Hij laat voor 50 gulden zielmissen doen. Hij herroept het testament van 12-03-1755 opgemaakt voor notaris Ploegh. Hij benoemt zijn halfzusters en halfbroers te weten: Dore Marie van Ravensteijn, Peter Gubbels, Jan Gubbels, Maria Gubbels en Anna Maria Gubbels, tot zijn enige erfgenamen. Op 11 augustus 1765 wordt dit testament herroepen.",10-03-1765
19723514,"heer Matthias Sohnius, gepensioneerd officier voor het land, machtiging om geld in ontvangst te nemen van de Staten der verenigde Nederlanden of de provincie van Gelderland<ZR>Hendrick van Woerkom, vorster en inwoner Den Dungen, kostbaas van heer Mattias Sohnius, gemachtigde<ZR>Antonij Strackens, borgemeester, inwoner en notarisgetuige Den Dungen 1737<ZR>Antonij van Venrooij, borgemeester en notarisgetuige Den Dungen 1737","15 januari 1737"
19751615,"Missive van major ingenieur Tieboel die een contract heeft afgesloten met de aannemer van het zesjarig onderhoud van fort Isabella i.v.m. het maken van twee nieuwe planken vloeren , het plaatsen van een privaat en het veranderen van de schoorstenen in ’s lands gebouwen op het fort.","maandag 3 augustus 1778"
19779291,"Scheiding en deling van de huisraad van Huijbert Jan Huijbers: Jacob Thonis Luenissen krijgt voor zijn uitzet twee koeien, een veulen en verder beddegoed en een vergoeding van negentien gulden voor het bewerken van land op de Hoghacker. Meeuwis Janssen heeft gehad voor zijn uitzet twee koeien, geld voor een paard, geld voor koperwerk. Jan Hendricx voor zijn uitzet twee koeien en geld voor een paard, verder beddegoed , koperwerk en een jong varken. Jan Peters twee koeien, geld voor een paard, beddegoed en koperwerk. Jan Huijbers twee koeien en geld voor een paard , beddegoed en koperwerk. Huijbert Jan Huijbers houdt zelf ook goederen nl. een bedkoets in de keuken en huishoudelijke spullen. Verder heeft Meeuwis Janssen een zwarte rok gekocht en worden er nog meubelen onderling verdeeld.",16-11-1691
